{
  "datasets": {
    "ycbv": {
      "n_objects": 16,
      "per_object": {
        "1": {
          "n": 100,
          "auc_adds_50mm": 0.886060606060606,
          "recall_10mm": 0.93,
          "median_mm": 5.9684785038203545,
          "p95_mm": 10.185420210759698
        },
        "2": {
          "n": 50,
          "auc_adds_50mm": 0.9395959595959595,
          "recall_10mm": 1.0,
          "median_mm": 3.0476727560849453,
          "p95_mm": 3.859496249152191
        },
        "3": {
          "n": 100,
          "auc_adds_50mm": 0.9436363636363637,
          "recall_10mm": 1.0,
          "median_mm": 2.768886740003958,
          "p95_mm": 3.712739041210179
        },
        "4": {
          "n": 98,
          "auc_adds_50mm": 0.7924139352710782,
          "recall_10mm": 0.7857142857142857,
          "median_mm": 3.1573105033182123,
          "p95_mm": 256.7924588211677
        },
        "5": {
          "n": 100,
          "auc_adds_50mm": 0.9511111111111111,
          "recall_10mm": 1.0,
          "median_mm": 2.242617541898788,
          "p95_mm": 4.177674868955759
        },
        "6": {
          "n": 150,
          "auc_adds_50mm": 0.9498316498316498,
          "recall_10mm": 1.0,
          "median_mm": 2.4506223371550213,
          "p95_mm": 3.699739204049449
        },
        "9": {
          "n": 50,
          "auc_adds_50mm": 0.775151515151515,
          "recall_10mm": 0.74,
          "median_mm": 3.8413226088651617,
          "p95_mm": 49.36916185156767
        },
        "10": {
          "n": 50,
          "auc_adds_50mm": 0.9563636363636363,
          "recall_10mm": 1.0,
          "median_mm": 2.254755239755502,
          "p95_mm": 2.8425875017620115
        },
        "11": {
          "n": 50,
          "auc_adds_50mm": 0.9193939393939394,
          "recall_10mm": 1.0,
          "median_mm": 4.153523816984271,
          "p95_mm": 5.060073242230422
        },
        "12": {
          "n": 50,
          "auc_adds_50mm": 0.9074747474747475,
          "recall_10mm": 1.0,
          "median_mm": 4.238363052427221,
          "p95_mm": 8.459238366468114
        },
        "13": {
          "n": 50,
          "auc_adds_50mm": 0.9280808080808081,
          "recall_10mm": 1.0,
          "median_mm": 3.5798689387342764,
          "p95_mm": 4.276260076592591
        },
        "14": {
          "n": 50,
          "auc_adds_50mm": 0.9052525252525251,
          "recall_10mm": 1.0,
          "median_mm": 4.723185349126089,
          "p95_mm": 6.9944604214537
        },
        "15": {
          "n": 50,
          "auc_adds_50mm": 0.934949494949495,
          "recall_10mm": 1.0,
          "median_mm": 3.252898143469308,
          "p95_mm": 3.939317997425995
        },
        "17": {
          "n": 50,
          "auc_adds_50mm": 0.877979797979798,
          "recall_10mm": 0.9,
          "median_mm": 4.151690043096131,
          "p95_mm": 15.266933338123266
        },
        "19": {
          "n": 50,
          "auc_adds_50mm": 0.9179797979797979,
          "recall_10mm": 1.0,
          "median_mm": 4.01264521920068,
          "p95_mm": 5.187809654559298
        },
        "20": {
          "n": 50,
          "auc_adds_50mm": 0.9224242424242425,
          "recall_10mm": 1.0,
          "median_mm": 3.864397682712467,
          "p95_mm": 4.5348005818808375
        }
      },
      "worst_3": [
        {
          "obj_id": 9,
          "n": 50,
          "auc_adds_50mm": 0.775151515151515,
          "recall_10mm": 0.74,
          "median_mm": 3.8413226088651617,
          "p95_mm": 49.36916185156767
        },
        {
          "obj_id": 4,
          "n": 98,
          "auc_adds_50mm": 0.7924139352710782,
          "recall_10mm": 0.7857142857142857,
          "median_mm": 3.1573105033182123,
          "p95_mm": 256.7924588211677
        },
        {
          "obj_id": 17,
          "n": 50,
          "auc_adds_50mm": 0.877979797979798,
          "recall_10mm": 0.9,
          "median_mm": 4.151690043096131,
          "p95_mm": 15.266933338123266
        }
      ],
      "best_3": [
        {
          "obj_id": 6,
          "n": 150,
          "auc_adds_50mm": 0.9498316498316498,
          "recall_10mm": 1.0,
          "median_mm": 2.4506223371550213,
          "p95_mm": 3.699739204049449
        },
        {
          "obj_id": 5,
          "n": 100,
          "auc_adds_50mm": 0.9511111111111111,
          "recall_10mm": 1.0,
          "median_mm": 2.242617541898788,
          "p95_mm": 4.177674868955759
        },
        {
          "obj_id": 10,
          "n": 50,
          "auc_adds_50mm": 0.9563636363636363,
          "recall_10mm": 1.0,
          "median_mm": 2.254755239755502,
          "p95_mm": 2.8425875017620115
        }
      ],
      "auc_adds_global_mean": 0.9067312581598296,
      "auc_adds_std": 0.05132994946079446
    },
    "tless": {
      "n_objects": 18,
      "per_object": {
        "1": {
          "n": 50,
          "auc_adds_50mm": 0.9676767676767676,
          "recall_10mm": 1.0,
          "median_mm": 1.63610568777711,
          "p95_mm": 2.027418704960239
        },
        "2": {
          "n": 49,
          "auc_adds_50mm": 0.944753659039373,
          "recall_10mm": 0.9795918367346939,
          "median_mm": 1.7655671858113502,
          "p95_mm": 3.1003173563640827
        },
        "4": {
          "n": 50,
          "auc_adds_50mm": 0.9644444444444444,
          "recall_10mm": 1.0,
          "median_mm": 1.6801610999659862,
          "p95_mm": 2.3364072129741933
        },
        "5": {
          "n": 142,
          "auc_adds_50mm": 0.9627258500497937,
          "recall_10mm": 1.0,
          "median_mm": 1.7322288073413872,
          "p95_mm": 3.016929335939603
        },
        "6": {
          "n": 48,
          "auc_adds_50mm": 0.9640151515151516,
          "recall_10mm": 1.0,
          "median_mm": 1.708780417033045,
          "p95_mm": 2.9759372639388064
        },
        "7": {
          "n": 50,
          "auc_adds_50mm": 0.9541414141414143,
          "recall_10mm": 1.0,
          "median_mm": 2.115377606176428,
          "p95_mm": 3.645837627157774
        },
        "8": {
          "n": 100,
          "auc_adds_50mm": 0.9376767676767677,
          "recall_10mm": 1.0,
          "median_mm": 3.1423969984318787,
          "p95_mm": 4.663820768681041
        },
        "9": {
          "n": 48,
          "auc_adds_50mm": 0.94760101010101,
          "recall_10mm": 1.0,
          "median_mm": 2.339577051121895,
          "p95_mm": 4.542364058966053
        },
        "10": {
          "n": 46,
          "auc_adds_50mm": 0.9675010979358806,
          "recall_10mm": 1.0,
          "median_mm": 1.6470223091193743,
          "p95_mm": 2.5323223163544526
        },
        "11": {
          "n": 41,
          "auc_adds_50mm": 0.9678492239467849,
          "recall_10mm": 1.0,
          "median_mm": 1.3867836076264288,
          "p95_mm": 2.8317651942820765
        },
        "12": {
          "n": 44,
          "auc_adds_50mm": 0.9630394857667585,
          "recall_10mm": 1.0,
          "median_mm": 1.7359607811800863,
          "p95_mm": 2.7626847807476023
        },
        "18": {
          "n": 48,
          "auc_adds_50mm": 0.9579124579124578,
          "recall_10mm": 1.0,
          "median_mm": 1.904878808280837,
          "p95_mm": 3.818171820252728
        },
        "25": {
          "n": 49,
          "auc_adds_50mm": 0.9619666048237476,
          "recall_10mm": 1.0,
          "median_mm": 1.498434301078531,
          "p95_mm": 5.087396718012654
        },
        "26": {
          "n": 50,
          "auc_adds_50mm": 0.9707070707070707,
          "recall_10mm": 1.0,
          "median_mm": 1.4073252002279544,
          "p95_mm": 2.0110867687891028
        },
        "27": {
          "n": 50,
          "auc_adds_50mm": 0.9569696969696969,
          "recall_10mm": 1.0,
          "median_mm": 2.1024669132956646,
          "p95_mm": 3.177535893007668
        },