{
  "dataset": "tless",
  "n_evaluated": 50,
  "noise_analysis": {
    "0.0": {
      "ADD": 0.0,
      "ADD-S": 0.0,
      "MSSD": 0.0,
      "MSPD": 0.0,
      "rot_err_deg": 4.062508312864317e-16,
      "trans_err_mm": 0.0
    },
    "1.0": {
      "ADD": 0.6746133048063306,
      "ADD-S": 0.6603711809398489,
      "MSSD": 0.7218761742322322,
      "MSPD": 0.9761842288200041,
      "rot_err_deg": 0.10400491728524013,
      "trans_err_mm": 0.6814644771520374
    },
    "5.0": {
      "ADD": 10.061286520443574,
      "ADD-S": 4.564136630462594,
      "MSSD": 10.134250074727301,
      "MSPD": 13.74545985440756,
      "rot_err_deg": 0.1910023775211096,
      "trans_err_mm": 10.070347895526766
    },
    "10.0": {
      "ADD": 17.60432209958243,
      "ADD-S": 7.271607607632454,
      "MSSD": 18.003980541605745,
      "MSPD": 21.654760662294333,
      "rot_err_deg": 0.9683621430046028,
      "trans_err_mm": 17.55514925678029
    },
    "20.0": {
      "ADD": 35.159894572294,
      "ADD-S": 16.290156560636795,
      "MSSD": 35.517852425875034,
      "MSPD": 31.175210059489903,
      "rot_err_deg": 0.7738645662674146,
      "trans_err_mm": 35.108145913031834
    }
  },
  "multi_scene": {
    "add_recall_at_10mm": 0.72,
    "adds_recall_at_10mm": 1.0,
    "add_auc_50mm": 0.8420202020202021,
    "adds_auc_50mm": 0.9074747474747475
  }
}