{
  "fp_index": 0,
  "fp_obj_id": 1,
  "fp_scene_id": "000048",
  "fp_t_pred": [
    -0.03153152018785477,
    -0.00831631664186716,
    0.870831310749054
  ],
  "target_xyz_mapped": [
    0.42846847981214525,
    -0.10831631664186717,
    0.033
  ],
  "result": {
    "obj_start": [
      0.42846847981214525,
      -0.10831631664186717,
      0.033
    ],
    "obj_end": [
      -0.27600241537107445,
      -0.29190437675287856,
      0.02500008940696715
    ],
    "moved_m": 0.7280438287253508,
    "grasp_proximity_m": 0.03377770989733883,
    "grasp_plausible": true,
    "deposit_error_m": 0.025326333800646635,
    "deposit_plausible": true,
    "ik_converged": true,
    "pose_source": "foundation_pose_ckpt[0]"
  }
}