{
  "roundtrip": {
    "quaternion": {
      "mean": 3.3894424222593436e-16,
      "max": 1.3334236103572998e-15,
      "std": 2.5982299557060775e-16
    },
    "6D_continuous": {
      "mean": 2.5679022800594273e-16,
      "max": 1.2042779718297395e-15,
      "std": 1.769786315755267e-16
    },
    "axis_angle": {
      "mean": 2.8475424041920673e-11,
      "max": 2.7747032494954617e-08,
      "std": 8.770974912459755e-10
    },
    "euler_ZYX": {
      "mean": 3.380417602548587e-16,
      "max": 1.8240872133049517e-14,
      "std": 6.239379041202217e-16
    }
  },
  "interpolation": {
    "SLERP_quaternion": 6.832763287303378e-16,
    "linear_6D": 0.17710405220255768,
    "linear_euler": 0.07018605057027082
  },
  "gradient": {
    "6D_continuous": {
      "mean": 0.34313429861469197,
      "std": 0.8262852579795255,
      "max": 16.1761474609375
    },
    "quaternion": {
      "mean": 0.345415404786414,
      "std": 0.23802101173465115,
      "max": 1.624600887298584
    }
  },
  "gimbal_lock": {
    "euler_max_error": 3.284083995358298e-16,
    "quat_max_error": 6.826968921430001e-16,
    "sixd_max_error": 4.442382626349621e-16
  },
  "real_poses": {
    "quaternion": {
      "mean": 7.045086162194475e-07,
      "max": 1.3111464333234563e-06,
      "n_failures": 9
    },
    "6D_continuous": {
      "mean": 7.262516791201256e-07,
      "max": 1.1317432332181577e-06,
      "n_failures": 6
    },
    "axis_angle": {
      "mean": 0.0012016263586142042,
      "max": 0.053564732391058474,
      "n_failures": 88
    },
    "euler_ZYX": {
      "mean": 7.309238913864787e-07,
      "max": 1.251485004220888e-06,
      "n_failures": 6
    }
  }
}