{
  "roundtrip": {
    "quaternion": {
      "mean": 3.389830228008799e-16,
      "max": 1.3999379669858416e-15,
      "std": 2.599249868397326e-16
    },
    "6D_continuous": {
      "mean": 2.558335465676276e-16,
      "max": 1.2042779718297395e-15,
      "std": 1.7662699919907832e-16
    },
    "axis_angle": {
      "mean": 2.8490396924972253e-11,
      "max": 2.7747032494954617e-08,
      "std": 8.770986068565889e-10
    },
    "euler_ZYX": {
      "mean": 3.345328448127876e-16,
      "max": 1.8240872133049517e-14,
      "std": 6.219522465308686e-16
    }
  },
  "interpolation": {
    "SLERP_quaternion": 7.637516741773943e-16,
    "linear_6D": 0.17710405220255762,
    "linear_euler": 0.07018605057027079
  },
  "gradient": {
    "6D_continuous": {
      "mean": 0.33319141452675105,
      "std": 0.4703772572500139,
      "max": 5.666520118713379
    },
    "quaternion": {
      "mean": 0.36239798396173867,
      "std": 0.24707198214078577,
      "max": 1.6842844486236572
    }
  },
  "gimbal_lock": {
    "euler_max_error": 3.284083995358298e-16,
    "quat_max_error": 6.826968921430001e-16,
    "sixd_max_error": 4.442382626349621e-16
  },
  "real_poses": {
    "quaternion": {
      "mean": 7.045086162194475e-07,
      "max": 1.3111464333234563e-06,
      "n_failures": 9
    },
    "6D_continuous": {
      "mean": 7.262516791201256e-07,
      "max": 1.1317432332181577e-06,
      "n_failures": 6
    },
    "axis_angle": {
      "mean": 0.0012016263586142025,
      "max": 0.053564732391058474,
      "n_failures": 88
    },
    "euler_ZYX": {
      "mean": 7.309238913864787e-07,
      "max": 1.251485004220888e-06,
      "n_failures": 6
    }
  }
}