{
  "config": {
    "n_samples": 10000,
    "n_val": 2000,
    "n_epochs": 100,
    "epochs_completed": 100,
    "batch_size": 128,
    "lr_max": 0.0003,
    "lr_min": 1e-06,
    "warmup_epochs": 5,
    "hidden_dim": 256,
    "horizon": 16,
    "action_dim": 7,
    "n_params_M": 1.347335,
    "device": "mps",
    "seed": 42
  },
  "results": {
    "best_val_loss": 0.0022053802497684957,
    "final_train_loss": 0.002292605495452881,
    "final_val_loss": 0.0022671688999980687,
    "time_min": 3.2879074494043987,
    "train_losses": [
      0.24406809213161468,
      0.08735100677013397,
      0.06864997906684875,
      0.06098454266786575,
      0.05104118369221687,
      0.039471506774425506,
      0.03296846514940262,
      0.029841531163454057,
      0.024681149804592132,
      0.0251130078792572,
      0.02244370464384556,
      0.020510084304213524,
      0.02030674271285534,
      0.01767095530629158,
      0.01747602198421955,
      0.016115805023908615,
      0.015549175325036049,
      0.015216954898834229,
      0.013688662940263748,
      0.012531544691324234,
      0.01470241385102272,
      0.013435105513036252,
      0.011292468933016062,
      0.010829852452874184,
      0.011923996982723475,
      0.010567188602685929,
      0.010480379790067672,
      0.010200508949160575,
      0.010367244285345077,
      0.010176181180775165,
      0.009248660890758037,
      0.00992097078487277,
      0.009160544562339782,
      0.008261290719360112,
      0.008247704756259919,
      0.009575859475135803,
      0.007516456592828035,
      0.007983728189766406,
      0.008370604179799557,
      0.007854081860184669,
      0.007373792084306478,
      0.006827130180597305,
      0.007604746760427951,
      0.006567478470504284,
      0.006781260064989328,
      0.005821388964354992,
      0.00679601382240653,
      0.005824770636484027,
      0.005260100094974041,
      0.006351218703389168,
      0.005524669334292412,
      0.005607225485891104,
      0.004900451781600714,
      0.0052558366965502505,
      0.005034743312746287,
      0.004560333469882607,
      0.00464339727088809,
      0.005334657703340053,
      0.004569684554636478,
      0.004298759652674198,
      0.004099985519051552,
      0.004231524112075567,
      0.004029172929748893,
      0.004732342292368412,
      0.00397892811987549,
      0.003965937357395887,
      0.003849614538624883,
      0.0037064820855855943,
      0.0036619902681559323,
      0.0033217638503760098,
      0.003280278627946973,
      0.0035209639087319376,
      0.0032840064704418182,
      0.003162933483347297,
      0.003082886818051338,
      0.002944357303529978,
      0.0027827031537890432,
      0.0028683944515883924,
      0.0027278149627149107,
      0.002818346048146486,
      0.002832900893315673,
      0.00278536916077137,
      0.0026001249078661205,
      0.002549577171728015,
      0.00258043101914227,
      0.0025511048920452595,
      0.0025005555883049965,
      0.002412168353796005,
      0.0024313521835953,
      0.0022738195626065133,
      0.002350705334171653,
      0.0023201684918254615,
      0.0023321176106110217,
      0.0022901794768869876,
      0.002203193075582385,
      0.0021569033335894347,
      0.0022970610154792667,
      0.002284896517917514,
      0.002268555862084031,
      0.002292605495452881
    ],
    "val_losses": [
      0.10670533555746078,
      0.06792875242233276,
      0.06151695442199707,
      0.05321643054485321,
      0.05154802197217941,
      0.046891566157341004,
      0.038222446590662006,
      0.028969797298312186,
      0.029527811720967294,
      0.030331226855516435,
      0.0315269745439291,
      0.021902836725115775,
      0.02032740893959999,
      0.014437312096357345,
      0.02016684304177761,
      0.023320411294698716,
      0.02390363922715187,
      0.014875836431980134,
      0.01361002741008997,
      0.021344683423638343,
      0.014627180203795434,
      0.012753605216741562,
      0.010318499766290188,
      0.013617468304932117,
      0.012038774818181991,
      0.013507369175553322,
      0.00965227099508047,
      0.010769256256520749,
      0.013326717175543307,
      0.009014747269451619,
      0.015496777027845382,
      0.011449900604784489,
      0.010624045871198178,
      0.009098965421319008,
      0.011176844213157892,
      0.008318521428853273,
      0.010378750279545783,
      0.0076389948353171346,
      0.009319493643939495,
      0.01081566821783781,
      0.006669738851487636,
      0.00971632831543684,
      0.005302579261362552,
      0.007555377725511789,
      0.006125389955937862,
      0.009880596779286861,
      0.008969959124922752,
      0.0056685438640415664,
      0.007499468423426151,
      0.006371107451617718,
      0.007387073665857315,
      0.005236756291240454,
      0.006001910343766213,
      0.005153300318866968,
      0.004497158352285624,
      0.005092171628028154,
      0.005698977783322334,
      0.0046124532502144575,
      0.006470059052109719,
      0.004439295344054699,
      0.004168220879510045,
      0.004471567198634147,
      0.006041226033121347,
      0.003977086152881384,
      0.0035662420466542246,
      0.0055042123720049855,
      0.004244326192885638,
      0.0038375744856894017,
      0.0037356683891266586,
      0.0042903503626585005,
      0.0034873860217630864,
      0.0038073060140013694,
      0.0036854174211621285,
      0.0028974962141364814,
      0.0029730200693011285,
      0.0029692140240222217,
      0.0026569967921823263,
      0.002713152376934886,
      0.0030175311323255303,
      0.003333440415561199,
      0.0027414434533566236,
      0.0024783443491905926,
      0.0026502026319503783,
      0.0022906738147139547,
      0.002544302498921752,
      0.0027035314440727234,
      0.0023050452880561353,
      0.002595962667837739,
      0.0022928677666932346,
      0.0022218812126666306,
      0.0023558677062392236,
      0.002276054659858346,
      0.0023114830516278743,
      0.0023432782124727966,
      0.00222963254339993,
      0.002245429562404752,
      0.0022053802497684957,
      0.0022801785711199047,
      0.0024102481137961147,
      0.0022671688999980687
    ]
  },
  "comparison": {
    "original (30ep, 2K, h=128)": 0.02,
    "extended (50ep, 5K, h=192)": 0.01288,
    "ultra (current)": 0.0022053802497684957
  }
}