{
  "original": {
    "label": "Original (30ep, 2K)",
    "reference_mse": 0.02,
    "hidden_dim": 128,
    "n_params_M": 0.345991,
    "latency_ms": {
      "mean": 86.55690670013428,
      "median": 79.73802089691162,
      "p95": 114.40223455429076
    },
    "jerk_rms": {
      "mean": 0.797049760222435,
      "ci95_lo": 0.7070405196100474,
      "ci95_hi": 0.8995488506853581
    },
    "diversity_endpoint_dist_m": {
      "mean": 0.6251398324966431,
      "std": 0.3491610884666443
    }
  },
  "extended_mps": {
    "label": "Extended MPS (50ep, 5K)",
    "reference_mse": 0.01288,
    "hidden_dim": 192,
    "n_params_M": 0.764743,
    "latency_ms": {
      "mean": 85.90197086334229,
      "median": 80.90090751647949,
      "p95": 110.7137680053711
    },
    "jerk_rms": {
      "mean": 0.4836534549295902,
      "ci95_lo": 0.40397865637391805,
      "ci95_hi": 0.568909647922963
    },
    "diversity_endpoint_dist_m": {
      "mean": 0.3720741868019104,
      "std": 0.21363165974617004
    }
  },
  "ultra": {
    "label": "Ultra (100ep, 10K)",
    "reference_mse": 0.0022053802497684957,
    "hidden_dim": 256,
    "n_params_M": 1.347335,
    "latency_ms": {
      "mean": 92.87304401397705,
      "median": 86.19856834411621,
      "p95": 133.07209014892578
    },
    "jerk_rms": {
      "mean": 0.053209793977439405,
      "ci95_lo": 0.045250091791152955,
      "ci95_hi": 0.0611569864153862
    },
    "diversity_endpoint_dist_m": {
      "mean": 0.03837842121720314,
      "std": 0.01960171014070511
    }
  }
}