{
  "device": "mps",
  "n_poses": 30,
  "levels": {
    "25": {
      "n_steps": 25,
      "latency_ms": {
        "mean": 133.37977727254233,
        "median": 127.47049331665039,
        "p95": 180.30694723129272,
        "std": 26.185432005568376
      },
      "smoothness_jerk_rms": {
        "mean": 0.7124351352453232,
        "median": 0.6553266048431396,
        "std": 0.32868891807589895
      }
    },
    "50": {
      "n_steps": 50,
      "latency_ms": {
        "mean": 227.77891953786215,
        "median": 231.07850551605225,
        "p95": 293.2404160499573,
        "std": 45.10275285458411
      },
      "smoothness_jerk_rms": {
        "mean": 0.6980351189772288,
        "median": 0.6762440502643585,
        "std": 0.32793371049995046
      }
    },
    "100": {
      "n_steps": 100,
      "latency_ms": {
        "mean": 419.4870948791504,
        "median": 397.98760414123535,
        "p95": 510.7985019683838,
        "std": 57.93650781704786
      },
      "smoothness_jerk_rms": {
        "mean": 0.823985481262207,
        "median": 0.8368457555770874,
        "std": 0.381408232081992
      }
    }
  }
}