{
  "episodes": 250,
  "rolling_rewards": [
    10.0,
    5.0,
    5.0,
    0.0,
    10.0,
    5.0,
    10.0,
    5.0,
    5.0,
    5.0,
    5.0,
    0.0,
    5.0,
    10.0,
    10.0,
    5.0,
    5.0,
    0.0,
    5.0,
    5.0,
    5.0,
    5.0,
    0.0,
    0.0,
    10.0,
    10.0,
    0.0,
    10.0,
    5.0,
    5.0,
    5.0,
    5.0,
    10.0,
    10.0,
    5.0,
    0.0,
    5.0,
    10.0,
    5.0,
    5.0,
    5.0,
    5.0,
    10.0,
    5.0,
    0.0,
    5.0,
    5.0,
    5.0,
    5.0,
    0.0,
    5.0,
    5.0,
    5.0,
    0.0,
    0.0,
    0.0,
    5.0,
    5.0,
    0.0,
    5.0,
    5.0,
    5.0,
    5.0,
    0.0,
    10.0,
    5.0,
    5.0,
    5.0,
    10.0,
    0.0,
    10.0,
    10.0,
    5.0,
    5.0,
    0.0,
    10.0,
    10.0,
    0.0,
    5.0,
    5.0,
    5.0,
    0.0,
    5.0,
    5.0,
    5.0,
    5.0,
    5.0,
    0.0,
    0.0,
    5.0,
    5.0,
    5.0,
    5.0,
    5.0,
    10.0,
    5.0,
    -5.0,
    5.0,
    5.0,
    5.0,
    5.0,
    5.0,
    5.0,
    5.0,
    5.0,
    5.0,
    0.0,
    0.0,
    5.0,
    10.0,
    5.0,
    5.0,
    5.0,
    5.0,
    5.0,
    5.0,
    5.0,
    5.0,
    5.0,
    5.0,
    5.0,
    5.0,
    5.0,
    10.0,
    5.0,
    5.0,
    0.0,
    0.0,
    5.0,
    10.0,
    5.0,
    5.0,
    5.0,
    10.0,
    10.0,
    5.0,
    5.0,
    5.0,
    5.0,
    5.0,
    5.0,
    5.0,
    5.0,
    5.0,
    5.0,
    5.0,
    5.0,
    0.0,
    5.0,
    10.0,
    0.0,
    5.0,
    5.0,
    5.0,
    10.0,
    5.0,
    10.0,
    10.0,
    5.0,
    5.0,
    10.0,
    5.0,
    0.0,
    5.0,
    5.0,
    5.0,
    10.0,
    10.0,
    5.0,
    10.0,
    10.0,
    5.0,
    5.0,
    10.0,
    10.0,
    5.0,
    0.0,
    10.0,
    0.0,
    5.0,
    5.0,
    5.0,
    5.0,
    10.0,
    10.0,
    10.0,
    10.0,
    10.0,
    5.0,
    0.0,
    5.0,
    10.0,
    5.0,
    5.0,
    10.0,
    5.0,
    5.0,
    5.0,
    0.0,
    10.0,
    0.0,
    0.0,
    10.0,
    5.0,
    5.0,
    5.0,
    10.0,
    0.0,
    5.0,
    10.0,
    5.0,
    5.0,
    5.0,
    5.0,
    5.0,
    0.0,
    5.0,
    10.0,
    10.0,
    5.0,
    0.0,
    10.0,
    5.0,
    5.0,
    5.0,
    5.0,
    10.0,
    5.0,
    10.0,
    0.0,
    0.0,
    5.0,
    5.0,
    5.0,
    5.0,
    10.0,
    5.0,
    5.0,
    5.0,
    5.0,
    5.0,
    0.0,
    10.0,
    10.0,
    10.0,
    5.0,
    5.0,
    5.0,
    5.0,
    0.0
  ],
  "updates": [
    {
      "ep": 16,
      "rolling_reward": 5.9375,
      "policy_loss": 0.07545376196503639,
      "value_loss": 43.88421154022217,
      "kl_term": 0.32175110653042793,
      "clip_fraction": 0.734375,
      "mean_advantage": -5.960464477539063e-08,
      "mean_return": 5.9375,
      "n_steps": 64,
      "mean_ratio": 0.660983681678772
    },
    {
      "ep": 32,
      "rolling_reward": 4.6875,
      "policy_loss": 0.011133085936307907,
      "value_loss": 31.32211399078369,
      "kl_term": 0.32087764143943787,
      "clip_fraction": 0.4453125,
      "mean_advantage": -2.9802322387695312e-08,
      "mean_return": 4.6875,
      "n_steps": 64,
      "mean_ratio": 0.6585510969161987
    },
    {
      "ep": 48,
      "rolling_reward": 5.625,
      "policy_loss": 0.03914844011887908,
      "value_loss": 38.396610260009766,
      "kl_term": 0.2925937995314598,
      "clip_fraction": 0.50390625,
      "mean_advantage": 7.450580596923828e-09,
      "mean_return": 5.625,
      "n_steps": 64,
      "mean_ratio": 0.42113178968429565
    },
    {
      "ep": 64,
      "rolling_reward": 3.125,
      "policy_loss": 0.0515575110912323,
      "value_loss": 14.149075508117676,
      "kl_term": 0.39210541918873787,
      "clip_fraction": 0.48046875,
      "mean_advantage": 5.960464477539063e-08,
      "mean_return": 3.125,
      "n_steps": 64,
      "mean_ratio": 0.4510367512702942
    },
    {
      "ep": 80,
      "rolling_reward": 5.9375,
      "policy_loss": 0.056424562353640795,
      "value_loss": 45.171770095825195,
      "kl_term": 0.3012837655842304,
      "clip_fraction": 0.53125,
      "mean_advantage": -4.470348358154297e-08,
      "mean_return": 5.9375,
      "n_steps": 64,
      "mean_ratio": 0.42796069383621216
    },
    {
      "ep": 96,
      "rolling_reward": 4.375,
      "policy_loss": 0.03520427318289876,
      "value_loss": 22.3148136138916,
      "kl_term": 0.19718875363469124,
      "clip_fraction": 0.51953125,
      "mean_advantage": 5.960464477539063e-08,
      "mean_return": 4.375,
      "n_steps": 64,
      "mean_ratio": 0.5164249539375305
    },
    {
      "ep": 112,
      "rolling_reward": 4.0625,
      "policy_loss": -0.0035675237886607647,
      "value_loss": 23.83427333831787,
      "kl_term": 0.11960687674582005,
      "clip_fraction": 0.24609375,
      "mean_advantage": -1.4901161193847656e-08,
      "mean_return": 4.0625,
      "n_steps": 64,
      "mean_ratio": 0.7571381330490112
    },
    {
      "ep": 128,
      "rolling_reward": 4.6875,
      "policy_loss": -0.0020877502392977476,
      "value_loss": 23.09533929824829,
      "kl_term": 0.12897855788469315,
      "clip_fraction": 0.2578125,
      "mean_advantage": -1.564621925354004e-07,
      "mean_return": 4.6875,
      "n_steps": 64,
      "mean_ratio": 0.7471283674240112
    },
    {
      "ep": 144,
      "rolling_reward": 5.9375,
      "policy_loss": -0.010480658849701285,
      "value_loss": 34.267741203308105,
      "kl_term": 0.10686635598540306,
      "clip_fraction": 0.20703125,
      "mean_advantage": -1.4901161193847656e-07,
      "mean_return": 5.9375,
      "n_steps": 64,
      "mean_ratio": 0.7737467288970947
    },
    {
      "ep": 160,
      "rolling_reward": 5.625,
      "policy_loss": -0.00022918381728231907,
      "value_loss": 35.71940517425537,
      "kl_term": 0.08976618945598602,
      "clip_fraction": 0.171875,
      "mean_advantage": -2.60770320892334e-08,
      "mean_return": 5.625,
      "n_steps": 64,
      "mean_ratio": 0.7706970572471619
    },
    {
      "ep": 176,
      "rolling_reward": 6.875,
      "policy_loss": -0.006084316177293658,
      "value_loss": 49.629530906677246,
      "kl_term": 0.09324298799037933,
      "clip_fraction": 0.07421875,
      "mean_advantage": -2.9802322387695312e-08,
      "mean_return": 6.875,
      "n_steps": 64,
      "mean_ratio": 0.830108642578125
    },
    {
      "ep": 192,
      "rolling_reward": 6.25,
      "policy_loss": -0.002070915885269642,
      "value_loss": 46.62332534790039,
      "kl_term": 0.07221179828047752,
      "clip_fraction": 0.04296875,
      "mean_advantage": -2.9802322387695312e-08,
      "mean_return": 6.25,
      "n_steps": 64,
      "mean_ratio": 0.8460702896118164
    },
    {
      "ep": 208,
      "rolling_reward": 5.0,
      "policy_loss": -0.01160471886396408,
      "value_loss": 31.959369659423828,
      "kl_term": 0.05962933134287596,
      "clip_fraction": 0.07421875,
      "mean_advantage": 1.4901161193847656e-08,
      "mean_return": 5.0,
      "n_steps": 64,
      "mean_ratio": 0.845956563949585
    },
    {
      "ep": 224,
      "rolling_reward": 5.625,
      "policy_loss": -0.014934415463358164,
      "value_loss": 33.79887008666992,
      "kl_term": 0.05794795975089073,
      "clip_fraction": 0.03125,
      "mean_advantage": -8.940696716308594e-08,
      "mean_return": 5.625,
      "n_steps": 64,
      "mean_ratio": 0.8744770884513855
    },
    {
      "ep": 240,
      "rolling_reward": 5.3125,
      "policy_loss": -0.013484086841344833,
      "value_loss": 29.103472232818604,
      "kl_term": 0.05372212082147598,
      "clip_fraction": 0.0078125,
      "mean_advantage": 8.195638656616211e-08,
      "mean_return": 5.3125,
      "n_steps": 64,
      "mean_ratio": 0.9071889519691467
    }
  ],
  "final_rolling_R": 5.625,
  "initial_rolling_R": 5.9375
}