{
  "N": 20,
  "device": "mps",
  "init_err_mm": [
    30.66885114728692,
    24.991012204011312,
    21.98161511703264,
    25.692905014789147,
    22.078910462771788,
    29.048155702618608,
    31.55803788243846,
    37.58719361315707,
    22.854580147047198,
    35.245751090754275,
    26.336278680214935,
    40.918544034201844,
    23.094719504024727,
    37.53046491380482,
    18.877715902821596,
    16.207016161432477,
    38.81777061869784,
    19.84416840776717,
    29.296179876566956,
    24.982679308579407
  ],
  "ref_err_mm": [
    8.494646985513652,
    3.602641814069891,
    4.332165780946154,
    8.137421658616287,
    4.919007834758857,
    9.933996353440612,
    4.310194280837902,
    4.0624592628982965,
    7.390535547922156,
    7.786037907719987,
    5.3714423965748015,
    9.113995718823755,
    8.623385025643039,
    8.60160865003757,
    4.834367542286242,
    10.118885673434574,
    7.275194647729281,
    2.4260450076378843,
    1.6937470808752708,
    4.837663346125394
  ],
  "init_mean": 27.880627489500956,
  "ref_median": 6.323318522152041,
  "ref_mean": 6.29327212579458,
  "success_rate_pct": 95.0,
  "it_s_mps": 580.0047016524926,
  "it_s_cpu": 806.0968330032176,
  "speedup": 0.719522367420314
}