{
  "datasets": {
    "ycbv": {
      "n": 60,
      "fp_ms": {
        "mean": 4155.848570664723,
        "median": 4184.008836746216,
        "p95": 4316.941928863525,
        "max": 4358.050107955933
      },
      "diff_ms": {
        "mean": 135.93658208847046,
        "median": 113.6544942855835,
        "p95": 173.9584922790527,
        "max": 1067.108154296875
      },
      "sim_ms": {
        "mean": 1275.652265548706,
        "median": 1261.676549911499,
        "p95": 1586.6869926452632,
        "max": 1970.329999923706
      },
      "total_ms": {
        "mean": 5567.4374183019,
        "median": 5576.485276222229,
        "p95": 5966.816627979279,
        "max": 6337.275266647339
      },
      "h3_acceptance": {
        "criterion": "p95(total) < 10000 ms",
        "p95_ms": 5966.816627979279,
        "passed": true,
        "margin_ms": 4033.1833720207214
      }
    },
    "tless": {
      "n": 60,
      "fp_ms": {
        "mean": 4365.571188926697,
        "median": 4131.560564041138,
        "p95": 5187.520110607147,
        "max": 5339.180946350098
      },
      "diff_ms": {
        "mean": 112.03882296880086,
        "median": 108.80112648010254,
        "p95": 130.68554401397705,
        "max": 174.1318702697754
      },
      "sim_ms": {
        "mean": 1244.0680702527363,
        "median": 1224.2274284362793,
        "p95": 1395.947921276092,
        "max": 1609.9398136138916
      },
      "total_ms": {
        "mean": 5721.678082148234,
        "median": 5486.084461212158,
        "p95": 6559.517872333527,
        "max": 6903.039216995239
      },
      "h3_acceptance": {
        "criterion": "p95(total) < 10000 ms",
        "p95_ms": 6559.517872333527,
        "passed": true,
        "margin_ms": 3440.4821276664734
      }
    }
  },
  "config": {
    "n_instances": 60,
    "datasets": [
      "ycbv",
      "tless"
    ],
    "ddim_steps": 25,
    "sim_steps": 50,
    "seed": 42
  },
  "coppelia_connect_ms": 160.82191467285156
}