{
  "datasets": {
    "ycbv": {
      "n": 10,
      "fp_ms": {
        "mean": 3964.804172515869,
        "median": 3954.1666507720947,
        "p95": 4085.222625732422,
        "max": 4091.770648956299
      },
      "diff_ms": {
        "mean": 223.6532211303711,
        "median": 145.70045471191406,
        "p95": 607.4217319488516,
        "max": 962.3668193817139
      },
      "sim_ms": {
        "mean": 1216.8813943862915,
        "median": 1185.8510971069336,
        "p95": 1519.6829080581665,
        "max": 1544.4989204406738
      },
      "total_ms": {
        "mean": 5405.338788032532,
        "median": 5383.275270462036,
        "p95": 5862.949991226196,
        "max": 5993.016958236694
      },
      "h3_acceptance": {
        "criterion": "p95(total) < 10000 ms",
        "p95_ms": 5862.949991226196,
        "passed": true,
        "margin_ms": 4137.050008773804
      }
    },
    "tless": {
      "n": 10,
      "fp_ms": {
        "mean": 4360.521388053894,
        "median": 4079.220771789551,
        "p95": 5225.703227519989,
        "max": 5339.180946350098
      },
      "diff_ms": {
        "mean": 148.986554145813,
        "median": 158.45346450805664,
        "p95": 165.45367240905762,
        "max": 166.22185707092285
      },
      "sim_ms": {
        "mean": 1454.6908378601074,
        "median": 1444.7293281555176,
        "p95": 1627.9199361801145,
        "max": 1713.2809162139893
      },
      "total_ms": {
        "mean": 5964.198780059814,
        "median": 5624.458432197571,
        "p95": 6805.30641078949,
        "max": 6882.257699966431
      },
      "h3_acceptance": {
        "criterion": "p95(total) < 10000 ms",
        "p95_ms": 6805.30641078949,
        "passed": true,
        "margin_ms": 3194.6935892105103
      }
    }
  },
  "config": {
    "n_instances": 10,
    "datasets": [
      "ycbv",
      "tless"
    ],
    "ddim_steps": 25,
    "sim_steps": 50,
    "seed": 42
  },
  "coppelia_connect_ms": 46.7989444732666
}