{
  "datasets": {
    "ycbv": {
      "n": 30,
      "fp_ms": {
        "mean": 4099.1557359695435,
        "median": 4101.984977722168,
        "p95": 4272.8686690330505,
        "max": 4358.050107955933
      },
      "diff_ms": {
        "mean": 174.2484172185262,
        "median": 141.9086456298828,
        "p95": 175.8210301399231,
        "max": 1086.0819816589355
      },
      "sim_ms": {
        "mean": 1469.1792964935303,
        "median": 1481.7004203796387,
        "p95": 1734.331476688385,
        "max": 2510.1380348205566
      },
      "total_ms": {
        "mean": 5742.5834496816,
        "median": 5779.543519020081,
        "p95": 6124.681496620178,
        "max": 6623.15559387207
      },
      "h3_acceptance": {
        "criterion": "p95(total) < 10000 ms",
        "p95_ms": 6124.681496620178,
        "passed": true,
        "margin_ms": 3875.318503379822
      }
    },
    "tless": {
      "n": 30,
      "fp_ms": {
        "mean": 4368.071508407593,
        "median": 4127.073645591736,
        "p95": 5174.066758155823,
        "max": 5339.180946350098
      },
      "diff_ms": {
        "mean": 154.31261857350668,
        "median": 151.04901790618896,
        "p95": 213.9977216720581,
        "max": 228.85584831237793
      },
      "sim_ms": {
        "mean": 1571.2998549143474,
        "median": 1519.3135738372803,
        "p95": 1971.1139917373655,
        "max": 2064.793109893799
      },
      "total_ms": {
        "mean": 6093.683981895447,
        "median": 5938.731551170349,
        "p95": 6857.018744945526,
        "max": 7048.685073852539
      },
      "h3_acceptance": {
        "criterion": "p95(total) < 10000 ms",
        "p95_ms": 6857.018744945526,
        "passed": true,
        "margin_ms": 3142.981255054474
      }
    }
  },
  "config": {
    "n_instances": 30,
    "datasets": [
      "ycbv",
      "tless"
    ],
    "ddim_steps": 25,
    "sim_steps": 50,
    "seed": 42
  },
  "coppelia_connect_ms": 183.90703201293945
}