{
  "datasets": {
    "ycbv": {
      "n": 30,
      "fp_ms": {
        "mean": 4099.1557359695435,
        "median": 4101.984977722168,
        "p95": 4272.8686690330505,
        "max": 4358.050107955933
      },
      "diff_ms": {
        "mean": 165.15868504842123,
        "median": 120.41211128234863,
        "p95": 223.23486804962147,
        "max": 1165.926218032837
      },
      "sim_ms": {
        "mean": 1276.36562983195,
        "median": 1260.2827548980713,
        "p95": 1838.1153106689435,
        "max": 2398.5159397125244
      },
      "total_ms": {
        "mean": 5540.680050849915,
        "median": 5489.311456680298,
        "p95": 6286.657226085661,
        "max": 6840.970277786255
      },
      "h3_acceptance": {
        "criterion": "p95(total) < 10000 ms",
        "p95_ms": 6286.657226085661,
        "passed": true,
        "margin_ms": 3713.342773914339
      }
    },
    "tless": {
      "n": 30,
      "fp_ms": {
        "mean": 4368.071508407593,
        "median": 4127.073645591736,
        "p95": 5174.066758155823,
        "max": 5339.180946350098
      },
      "diff_ms": {
        "mean": 135.5515718460083,
        "median": 130.121111869812,
        "p95": 184.11118984222404,
        "max": 203.88388633728027
      },
      "sim_ms": {
        "mean": 1355.0435384114583,
        "median": 1336.2785577774048,
        "p95": 1791.7079567909238,
        "max": 1954.0610313415527
      },
      "total_ms": {
        "mean": 5858.666618665059,
        "median": 5628.8745403289795,
        "p95": 6684.074258804321,
        "max": 7449.729919433594
      },
      "h3_acceptance": {
        "criterion": "p95(total) < 10000 ms",
        "p95_ms": 6684.074258804321,
        "passed": true,
        "margin_ms": 3315.9257411956787
      }
    }
  },
  "config": {
    "n_instances": 30,
    "datasets": [
      "ycbv",
      "tless"
    ],
    "ddim_steps": 25,
    "sim_steps": 50,
    "seed": 42
  },
  "coppelia_connect_ms": 214.58005905151367
}